location,predicted_first_bloom,predicted_full_bloom
New,-0.10683495168546452,0.06497818128674679
Washington,-0.1053004046709146,0.0654102192899958
Liestal,-0.08002504946237614,0.06552447619678764
Vancouver,-0.12392469319399528,0.06487794433361535
Kyoto,0.02266280387060158,0.0901958518195152
